directory	url	ref	makepkg_flags	before	after
cpptrace	https://github.com/archlinux/aur.git	cpptrace	-si		
quickshell-git	https://gitlab.com/LunaOS/pkgbuilds/lunaos-extra-pkgbuilds/quickshell-git.git	HEAD	-si		
dms-shell	https://gitlab.com/LunaOS/pkgbuilds/lunaos-extra-pkgbuilds/dms-shell.git	HEAD	-s		
gnome-control-center	https://gitlab.com/LunaOS/pkgbuilds/lunaos-extra-pkgbuilds/gnome/gnome-control-center.git	HEAD	-s		
bluez	https://gitlab.com/LunaOS/pkgbuilds/lunaos-extra-pkgbuilds/bluez.git	HEAD	-s		
refresh-mirrors	https://gitlab.com/LunaOS/pkgbuilds/lunaos-extra-pkgbuilds/refresh-mirrors.git	HEAD	-si		
grub	https://gitlab.com/LunaOS/pkgbuilds/lunaos-core-pkgbuilds/system/base/grub.git	HEAD	-s		
pacman-mirrorlist	https://gitlab.com/LunaOS/pkgbuilds/lunaos-core-pkgbuilds/pacman-mirrorlist.git	HEAD	-s		
dracut	https://gitlab.com/LunaOS/pkgbuilds/lunaos-core-pkgbuilds/system/base/dracut.git	HEAD	-s		
throne-bin	https://github.com/archlinux/aur.git	throne-bin	-s		
linux-firmware-apple	https://gitlab.com/LunaOS/pkgbuilds/lunaos-extra-pkgbuilds/linux-firmware-apple.git	HEAD	-s		
kernel-fsync-nobara	https://gitlab.com/LunaOS/pkgbuilds/lunaos-core-pkgbuilds/system/base/kernel-fsync-nobara.git	HEAD	-s		
lunaos-package-manager	https://gitlab.com/LunaOS/pkgbuilds/lunaos-core-pkgbuilds/system/base/lunaos-package-manager.git	HEAD	-si		
pacman	https://gitlab.com/LunaOS/pkgbuilds/lunaos-core-pkgbuilds/system/base/pacman.git	HEAD	-si		pacman -Q pacman && pacman -Ql pacman | grep -i libalpm.so
pacutils	https://gitlab.com/LunaOS/pkgbuilds/lunaos-extra-pkgbuilds/pacutils.git	HEAD	-s		
base-devel	https://gitlab.com/LunaOS/pkgbuilds/lunaos-core-pkgbuilds/system/base/base-devel.git	HEAD	-si		
yay	https://gitlab.com/LunaOS/pkgbuilds/lunaos-core-pkgbuilds/system/base/yay	HEAD	-s		
steam	https://gitlab.com/LunaOS/pkgbuilds/lunaos-extra-pkgbuilds/steam.git	HEAD	-d		
xorg-xwayland	https://gitlab.com/LunaOS/pkgbuilds/lunaos-core-pkgbuilds/system/base/xorg-xwayland.git	HEAD	-s		
find-the-command	https://gitlab.com/LunaOS/pkgbuilds/lunaos-extra-pkgbuilds/find-the-command.git	HEAD	-s		
calamares	https://gitlab.com/LunaOS/pkgbuilds/lunaos-core-pkgbuilds/system/base/calamares/calamares.git	HEAD	-s		pacman -Rdd mkinitcpio mkinitcpio-openswap --noconfirm
lunaos-calamares-config	https://gitlab.com/LunaOS/pkgbuilds/lunaos-core-pkgbuilds/system/base/calamares/lunaos-calamares-config.git	HEAD	-d		
lunaos-firefox-settings	https://gitlab.com/LunaOS/pkgbuilds/lunaos-extra-pkgbuilds/firefox/lunaos-firefox-settings.git	HEAD	-sd		
lunaos-hooks	https://gitlab.com/LunaOS/pkgbuilds/lunaos-core-pkgbuilds/system/base/lunaos-hooks.git	HEAD	-si		
lunaos-wallpapers	https://gitlab.com/LunaOS/pkgbuilds/lunaos-extra-pkgbuilds/lunaos-wallpapers.git	HEAD	-si		
lunaos-branding	https://gitlab.com/LunaOS/pkgbuilds/lunaos-core-pkgbuilds/system/base/lunaos-branding.git	HEAD	-si		
lunaos-neofetch	https://gitlab.com/LunaOS/pkgbuilds/lunaos-core-pkgbuilds/lunaos-neofetch.git	HEAD	-s		
fastfetch	https://gitlab.com/LunaOS/pkgbuilds/lunaos-extra-pkgbuilds/fastfetch.git	HEAD	-s		
lunaos-plymouth-theme	https://gitlab.com/LunaOS/pkgbuilds/lunaos-core-pkgbuilds/lunaos-plymouth-theme.git	HEAD	-si		
surface-dtx-daemon-bin	https://github.com/archlinux/aur.git	surface-dtx-daemon-bin	-s		
gnome-randr-rust	https://github.com/archlinux/aur.git	gnome-randr-rust	-s		
greetd-dms-greeter-git	https://github.com/archlinux/aur.git	greetd-dms-greeter-git	-s		
memstrack	https://github.com/archlinux/aur.git	memstrack	-si		
snoop	https://github.com/archlinux/aur.git	snoop	-s		
gpu-screen-recorder	https://github.com/archlinux/aur.git	gpu-screen-recorder	-si		
gpu-screen-recorder-notification	https://github.com/archlinux/aur.git	gpu-screen-recorder-notification	-si		
gpu-screen-recorder-ui	https://github.com/archlinux/aur.git	gpu-screen-recorder-ui	-s		
gpu-screen-recorder-gtk	https://github.com/archlinux/aur.git	gpu-screen-recorder-gtk	-s		
cassette	https://github.com/archlinux/aur.git	cassette	-s		
gapless	https://github.com/archlinux/aur.git	gapless	-s		
qogir-cursor-theme	https://gitlab.com/LunaOS/pkgbuilds/lunaos-extra-pkgbuilds/qogir-cursor-theme.git	HEAD	-s		
lunaos-dracut-support	https://gitlab.com/LunaOS/pkgbuilds/lunaos-core-pkgbuilds/system/base/lunaos-dracut-support.git	HEAD	-d		
lunaos-samba-support	https://gitlab.com/LunaOS/pkgbuilds/lunaos-extra-pkgbuilds/meta-packages/lunaos-samba-support.git	HEAD	-d		
kernel-install-for-dracut	https://gitlab.com/LunaOS/pkgbuilds/lunaos-core-pkgbuilds/system/base/kernel-install-for-dracut.git	HEAD	-d		
plymouth	https://gitlab.com/LunaOS/pkgbuilds/lunaos-extra-pkgbuilds/plymouth/plymouth.git	HEAD	-s		
lunaos-keyring	https://gitlab.com/LunaOS/pkgbuilds/lunaos-core-pkgbuilds/system/base/lunaos-keyring.git	HEAD	-s		
lunaos-mirrorlist	https://gitlab.com/LunaOS/pkgbuilds/lunaos-core-pkgbuilds/system/base/lunaos-mirrorlist.git	HEAD	-s		
lunaos-settings	https://gitlab.com/LunaOS/pkgbuilds/lunaos-core-pkgbuilds/system/base/lunaos-settings.git	HEAD	-sd		
lunaos-settings-handheld	https://gitlab.com/LunaOS/pkgbuilds/lunaos-core-pkgbuilds/system/base/lunaos-settings-handheld.git	HEAD	-sd		
lunaos-settings-t2	https://gitlab.com/LunaOS/pkgbuilds/lunaos-core-pkgbuilds/system/base/lunaos-settings-t2.git	HEAD	-sd		
lunaos-zram-defaults	https://gitlab.com/LunaOS/pkgbuilds/lunaos-extra-pkgbuilds/lunaos-zram-defaults.git	HEAD	-s		
dkms	https://gitlab.com/LunaOS/pkgbuilds/lunaos-extra-pkgbuilds/dkms.git	HEAD	-s		
bauh	https://gitlab.com/LunaOS/pkgbuilds/lunaos-extra-pkgbuilds/bauh.git	HEAD	-s		
nautilus	https://gitlab.com/LunaOS/pkgbuilds/lunaos-extra-pkgbuilds/gnome/nautilus.git	HEAD	-s		
nautilus-backspace-back-extension	https://gitlab.com/LunaOS/pkgbuilds/lunaos-extra-pkgbuilds/gnome/nautilus-backspace-back-extension.git	HEAD	-s		
nautilus-admin-gtk4	https://github.com/archlinux/aur.git	nautilus-admin-gtk4	-s		
nautilus-copy-path	https://github.com/archlinux/aur.git	nautilus-copy-path	-s		
gnome-shell-extension-stealmyfocus	https://gitlab.com/LunaOS/pkgbuilds/lunaos-extra-pkgbuilds/gnome/gnome-extensions/gnome-shell-extension-stealmyfocus.git	HEAD	-s		
gnome-shell-extension-disable-unredirect	https://gitlab.com/LunaOS/pkgbuilds/lunaos-extra-pkgbuilds/gnome/gnome-extensions/gnome-shell-extension-disable-unredirect.git	HEAD	-s		
gnome-shell-extension-gpu-profile-selector	https://gitlab.com/LunaOS/pkgbuilds/lunaos-extra-pkgbuilds/gnome/gnome-extensions/gnome-shell-extension-gpu-profile-selector.git	HEAD	-sd		
gnome-shell-extension-bluetooth-battery-meter	https://gitlab.com/LunaOS/pkgbuilds/lunaos-extra-pkgbuilds/gnome/gnome-extensions/gnome-shell-extension-bluetooth-battery-meter.git	HEAD	-sd		
gnome-shell-extension-legacy-theme-auto-switcher	https://gitlab.com/LunaOS/pkgbuilds/lunaos-extra-pkgbuilds/gnome/gnome-extensions/gnome-shell-extension-legacy-theme-auto-switcher.git	HEAD	-s		
gnome-shell-extension-gjs-osk-git	https://gitlab.com/LunaOS/pkgbuilds/lunaos-extra-pkgbuilds/gnome/gnome-extensions/gnome-shell-extension-gjs-osk-git.git	HEAD	-s		
adw-gtk-theme	https://gitlab.com/LunaOS/pkgbuilds/lunaos-extra-pkgbuilds/adw-gtk-theme.git	HEAD	-s		
gnome-shell-extension-blur-my-shell	https://gitlab.com/LunaOS/pkgbuilds/lunaos-extra-pkgbuilds/gnome/gnome-extensions/gnome-shell-extension-blur-my-shell.git	HEAD	-sd		
gnome-shell-extension-dash-to-dock	https://gitlab.com/LunaOS/pkgbuilds/lunaos-extra-pkgbuilds/gnome/gnome-extensions/gnome-shell-extension-dash-to-dock.git	HEAD	-s		
gnome-shell-extension-appindicator	https://gitlab.com/LunaOS/pkgbuilds/lunaos-extra-pkgbuilds/gnome/gnome-extensions/gnome-shell-extension-appindicator.git	HEAD	-s		
gnome-shell-extension-clipboard-indicator	https://gitlab.com/LunaOS/pkgbuilds/lunaos-extra-pkgbuilds/gnome/gnome-extensions/gnome-shell-extension-clipboard-indicator.git	HEAD	-s		
gnome-tuner	https://github.com/archlinux/aur.git	gnome-tuner	-si		
gnome-tuner-gdm	https://github.com/archlinux/aur.git	gnome-tuner-gdm	-s		
gnome-tuner-tweaks	https://github.com/archlinux/aur.git	gnome-tuner-tweaks	-s		
lunaos-gnome-settings	https://gitlab.com/LunaOS/pkgbuilds/lunaos-extra-pkgbuilds/gnome/lunaos-gnome-settings.git	HEAD	-sd		
optimus-gpu-switcher-kde-plasma-widget	https://gitlab.com/LunaOS/pkgbuilds/lunaos-extra-pkgbuilds/plasma/optimus-gpu-switcher-kde-plasma-widget.git	HEAD	-s		
kde-otto-theme	https://gitlab.com/LunaOS/pkgbuilds/lunaos-extra-pkgbuilds/plasma/kde-otto-theme.git	HEAD	-s		
lunaos-plasma-settings	https://gitlab.com/LunaOS/pkgbuilds/lunaos-extra-pkgbuilds/plasma/lunaos-plasma-settings.git	HEAD	-sd		
lunaos-hyprland-settings	https://gitlab.com/LunaOS/pkgbuilds/lunaos-extra-pkgbuilds/lunaos-hyprland-settings.git	HEAD	-sd		
uresourced	https://gitlab.com/LunaOS/pkgbuilds/lunaos-extra-pkgbuilds/uresourced.git	HEAD	-s		
apple-t2-audio-config	https://gitlab.com/LunaOS/pkgbuilds/lunaos-extra-pkgbuilds/t2-linux/apple-t2-audio-config.git	HEAD	-s		
t2fanrd	https://gitlab.com/LunaOS/pkgbuilds/lunaos-extra-pkgbuilds/t2-linux/t2fanrd.git	HEAD	-s		
tiny-dfr	https://gitlab.com/LunaOS/pkgbuilds/lunaos-extra-pkgbuilds/t2-linux/tiny-dfr.git	HEAD	-s		
nvidia-470xx-meta	https://gitlab.com/LunaOS/pkgbuilds/lunaos-core-pkgbuilds/drivers/nvidia/nvidia-470xx-meta.git	HEAD	-sd		
nvidia-580xx-utils	https://gitlab.com/LunaOS/pkgbuilds/lunaos-core-pkgbuilds/drivers/nvidia/nvidia-580xx-utils.git	HEAD	-s		
lib32-nvidia-580xx-utils	https://gitlab.com/LunaOS/pkgbuilds/lunaos-core-pkgbuilds/drivers/nvidia/lib32-nvidia-580xx-utils.git	HEAD	-s		
nvidia-580xx-settings	https://gitlab.com/LunaOS/pkgbuilds/lunaos-core-pkgbuilds/drivers/nvidia/nvidia-580xx-settings.git	HEAD	-d	pacman -S --noconfirm --needed jansson gtk3 libxv libvdpau libxext vulkan-headers	
nvidia-meta	https://gitlab.com/LunaOS/pkgbuilds/lunaos-core-pkgbuilds/drivers/nvidia/nvidia-meta.git	HEAD	-sd		
nvidia-580xx-meta	https://gitlab.com/LunaOS/pkgbuilds/lunaos-core-pkgbuilds/drivers/nvidia/nvidia-580xx-meta.git	HEAD	-d		
nvidia-open-meta	https://gitlab.com/LunaOS/pkgbuilds/lunaos-core-pkgbuilds/drivers/nvidia/nvidia-open-meta.git	HEAD	-sd		
nvidia-tweaks	https://gitlab.com/LunaOS/pkgbuilds/lunaos-core-pkgbuilds/drivers/nvidia/nvidia-tweaks.git	HEAD	-sd		
nouveau-tweaks	https://gitlab.com/LunaOS/pkgbuilds/lunaos-core-pkgbuilds/drivers/nvidia/nouveau-tweaks.git	HEAD	-sd		
nvidia-modules	https://gitlab.com/LunaOS/pkgbuilds/lunaos-core-pkgbuilds/drivers/nvidia/nvidia-modules.git	HEAD	-s		
nouveau-reclocking	https://github.com/archlinux/aur.git	nouveau-reclocking	-s		
envycontrol	https://gitlab.com/LunaOS/pkgbuilds/lunaos-extra-pkgbuilds/envycontrol.git	HEAD	-s		
intel-meta	https://gitlab.com/LunaOS/pkgbuilds/lunaos-core-pkgbuilds/drivers/intel-meta.git	HEAD	-sd		
amd-meta	https://gitlab.com/LunaOS/pkgbuilds/lunaos-core-pkgbuilds/drivers/amd-meta.git	HEAD	-sd		
rocm-meta	https://gitlab.com/LunaOS/pkgbuilds/lunaos-core-pkgbuilds/drivers/rocm-meta.git	HEAD	-sd		
portprotonqt	https://github.com/archlinux/aur.git	portprotonqt	-s		
pylinuxwheel	https://gitlab.com/LunaOS/pkgbuilds/lunaos-extra-pkgbuilds/pylinuxwheel.git	HEAD	-d		
lunaos-libpamac	https://gitlab.com/LunaOS/pkgbuilds/lunaos-extra-pkgbuilds/pamac/lunaos-libpamac.git	HEAD	-si		
lunaos-pamac	https://gitlab.com/LunaOS/pkgbuilds/lunaos-extra-pkgbuilds/pamac/lunaos-pamac.git	HEAD	-s		
pamac-tray-icon-plasma	https://github.com/archlinux/aur.git	pamac-tray-icon-plasma	-s		
lunaos-grub-theme	https://gitlab.com/LunaOS/pkgbuilds/lunaos-extra-pkgbuilds/lunaos-grub-theme.git	HEAD	-d		
grub-meta	https://gitlab.com/LunaOS/pkgbuilds/lunaos-extra-pkgbuilds/meta-packages/grub-meta.git	HEAD	-d		
jupiter-fan-control	https://gitlab.com/LunaOS/pkgbuilds/lunaos-extra-pkgbuilds/jupiter-fan-control.git	HEAD	-s		
jupiter-hw-support	https://gitlab.com/LunaOS/pkgbuilds/lunaos-extra-pkgbuilds/jupiter-hw-support.git	HEAD	-s		
steamdeck-dsp	https://gitlab.com/LunaOS/pkgbuilds/lunaos-extra-pkgbuilds/steamdeck-dsp.git	HEAD	-s		
steamdeck-dkms	https://gitlab.com/LunaOS/pkgbuilds/lunaos-extra-pkgbuilds/steamdeck-dkms.git	HEAD	-s		
tuned-balanced-fix	https://gitlab.com/LunaOS/pkgbuilds/lunaos-extra-pkgbuilds/tuned-balanced-fix.git	HEAD	-d		
galileo-mura	https://gitlab.com/LunaOS/pkgbuilds/lunaos-extra-pkgbuilds/galileo-mura.git	HEAD	-s		
kvantum-theme-libadwaita-git	https://github.com/archlinux/aur.git	kvantum-theme-libadwaita-git	-s		
colloid-kvantum-theme	https://gitlab.com/LunaOS/pkgbuilds/lunaos-extra-pkgbuilds/gnome/colloid-kvantum-theme.git	HEAD	-s		
lunaos-bash-config	https://gitlab.com/LunaOS/pkgbuilds/lunaos-core-pkgbuilds/system/base/lunaos-bash-config.git	HEAD	-d		
zsh4humans	https://gitlab.com/LunaOS/pkgbuilds/lunaos-extra-pkgbuilds/zsh4humans.git	HEAD	-d		
figma-linux-bin	https://github.com/archlinux/aur.git	figma-linux-bin	-s		
galaxybudsclient-bin	https://github.com/archlinux/aur.git	galaxybudsclient-bin	-s		
asusctl	https://github.com/archlinux/aur.git	asusctl	-s		
asusctltray-git	https://github.com/archlinux/aur.git	asusctltray-git	-d		
